{
    "accel_to_decel_enable": "0",
    "accel_to_decel_factor": "100%",
    "bridge_acceleration": "60%",
    "bridge_flow": "1",
    "bridge_speed": "100",
    "brim_type": "no_brim",
    "default_acceleration": "2500",
    "from": "User",
    "gap_infill_speed": "130",
    "infill_anchor_max": "10",
    "infill_combination": "1",
    "inherits": "0.20mm Standard @MyKlipper",
    "initial_layer_acceleration": "2500",
    "initial_layer_infill_speed": "80",
    "initial_layer_line_width": "0.4",
    "inner_wall_acceleration": "3000",
    "inner_wall_speed": "130",
    "internal_bridge_speed": "150",
    "internal_solid_infill_acceleration": "70%",
    "internal_solid_infill_speed": "150",
    "is_custom_defined": "0",
    "minimum_sparse_infill_area": "20",
    "name": "0.20mm @KarD_printer normal 50mm",
    "outer_wall_acceleration": "2500",
    "outer_wall_speed": "130",
    "overhang_1_4_speed": "100",
    "overhang_2_4_speed": "90",
    "overhang_3_4_speed": "70",
    "overhang_4_4_speed": "50",
    "precise_outer_wall": "1",
    "print_settings_id": "0.20mm @KarD_printer normal 50mm",
    "raft_first_layer_density": "50%",
    "reduce_crossing_wall": "1",
    "skirt_distance": "3",
    "skirt_loops": "4",
    "small_perimeter_speed": "80",
    "small_perimeter_threshold": "10",
    "sparse_infill_acceleration": "70%",
    "sparse_infill_line_width": "0.4",
    "sparse_infill_pattern": "grid",
    "sparse_infill_speed": "150",
    "staggered_inner_seams": "1",
    "support_speed": "130",
    "top_shell_layers": "3",
    "top_surface_acceleration": "2500",
    "travel_acceleration": "2500",
    "travel_speed": "150",
    "tree_support_wall_count": "2",
    "version": "2.0.0.0",
    "wipe_on_loops": "1"
}
