{
    "bottom_shell_thickness": "0.8",
    "bridge_acceleration": "60%",
    "bridge_speed": "100",
    "brim_type": "no_brim",
    "default_acceleration": "12000",
    "enable_support": "1",
    "from": "User",
    "gap_infill_speed": "150",
    "infill_anchor": "100%",
    "infill_anchor_max": "10",
    "infill_wall_overlap": "15%",
    "inherits": "0.20mm Standard @MyKlipper",
    "initial_layer_acceleration": "6000",
    "initial_layer_infill_speed": "100",
    "initial_layer_line_width": "0.4",
    "initial_layer_speed": "70",
    "inner_wall_acceleration": "9000",
    "inner_wall_line_width": "0.4",
    "inner_wall_speed": "180",
    "internal_bridge_speed": "150",
    "internal_solid_infill_acceleration": "75%",
    "internal_solid_infill_line_width": "0.45",
    "internal_solid_infill_speed": "150",
    "is_custom_defined": "0",
    "line_width": "0.4",
    "max_volumetric_extrusion_rate_slope": "300",
    "name": "0.20mm @KarD_printer complex under 100mm",
    "outer_wall_acceleration": "9000",
    "outer_wall_line_width": "0.4",
    "outer_wall_speed": "170",
    "overhang_1_4_speed": "110",
    "overhang_2_4_speed": "100",
    "overhang_3_4_speed": "90",
    "overhang_4_4_speed": "80",
    "precise_outer_wall": "1",
    "print_settings_id": "0.20mm @KarD_printer complex under 100mm",
    "raft_first_layer_density": "50%",
    "raft_first_layer_expansion": "3",
    "reduce_crossing_wall": "1",
    "skirt_distance": "3",
    "skirt_height": "1",
    "skirt_loops": "4",
    "small_area_infill_flow_compensation": "1",
    "small_perimeter_speed": "120",
    "small_perimeter_threshold": "10",
    "sparse_infill_acceleration": "75%",
    "sparse_infill_line_width": "0.45",
    "sparse_infill_pattern": "honeycomb",
    "sparse_infill_speed": "150",
    "staggered_inner_seams": "1",
    "support_type": "normal(manual)",
    "top_shell_layers": "3",
    "top_surface_acceleration": "6000",
    "top_surface_line_width": "0.4",
    "top_surface_speed": "160",
    "travel_acceleration": "20000",
    "travel_speed": "300",
    "tree_support_wall_count": "2",
    "version": "2.0.0.0",
    "wall_generator": "classic",
    "wipe_on_loops": "1",
    "xy_hole_compensation": "0.1"
}
