{
    "bridge_acceleration": "60%",
    "bridge_speed": "100",
    "brim_type": "no_brim",
    "default_acceleration": "6000",
    "from": "User",
    "infill_anchor_max": "10",
    "infill_combination": "1",
    "inherits": "0.20mm Standard @MyKlipper",
    "initial_layer_acceleration": "3000",
    "initial_layer_infill_speed": "80",
    "initial_layer_line_width": "0.4",
    "inner_wall_acceleration": "3000",
    "inner_wall_line_width": "0.45",
    "inner_wall_speed": "130",
    "internal_bridge_speed": "150",
    "internal_solid_infill_acceleration": "60%",
    "internal_solid_infill_line_width": "0.45",
    "internal_solid_infill_speed": "100",
    "is_custom_defined": "0",
    "line_width": "0.4",
    "minimum_sparse_infill_area": "20",
    "name": "0.20mm @KarD_printer simple under 20mm",
    "outer_wall_acceleration": "2000",
    "outer_wall_line_width": "0.4",
    "outer_wall_speed": "100",
    "overhang_1_4_speed": "100",
    "overhang_2_4_speed": "80",
    "overhang_3_4_speed": "60",
    "overhang_4_4_speed": "50",
    "precise_outer_wall": "1",
    "print_settings_id": "0.20mm @KarD_printer simple under 20mm",
    "raft_first_layer_density": "50%",
    "reduce_crossing_wall": "1",
    "skirt_distance": "3",
    "skirt_height": "1",
    "skirt_loops": "3",
    "skirt_speed": "80",
    "small_area_infill_flow_compensation": "1",
    "small_perimeter_speed": "50",
    "small_perimeter_threshold": "3",
    "sparse_infill_acceleration": "60%",
    "sparse_infill_density": "20%",
    "sparse_infill_line_width": "0.45",
    "sparse_infill_pattern": "tri-hexagon",
    "sparse_infill_speed": "100",
    "staggered_inner_seams": "1",
    "support_speed": "100",
    "top_shell_layers": "3",
    "top_surface_acceleration": "1000",
    "top_surface_line_width": "0.4",
    "top_surface_speed": "80",
    "travel_acceleration": "5000",
    "travel_speed": "150",
    "tree_support_wall_count": "2",
    "version": "2.0.0.0",
    "wipe_on_loops": "1",
    "xy_hole_compensation": "0.1"
}
