{
    "close_fan_the_first_x_layers": [
        "1"
    ],
    "default_filament_colour": [
        "#0080C0"
    ],
    "enable_pressure_advance": [
        "1"
    ],
    "fan_cooling_layer_time": [
        "5"
    ],
    "fan_max_speed": [
        "15"
    ],
    "fan_min_speed": [
        "10"
    ],
    "filament_cost": [
        "400"
    ],
    "filament_flow_ratio": [
        "1.04208"
    ],
    "filament_max_volumetric_speed": [
        "18"
    ],
    "filament_settings_id": [
        "GREEN MY GUITAR PETG THREEBEES"
    ],
    "filament_vendor": [
        "THREEBEES"
    ],
    "from": "User",
    "hot_plate_temp": [
        "85"
    ],
    "inherits": "My Generic PETG",
    "is_custom_defined": "0",
    "name": "GREEN MY GUITAR PETG THREEBEES",
    "nozzle_temperature": [
        "250"
    ],
    "nozzle_temperature_initial_layer": [
        "245"
    ],
    "nozzle_temperature_range_high": [
        "250"
    ],
    "nozzle_temperature_range_low": [
        "230"
    ],
    "overhang_fan_speed": [
        "40"
    ],
    "pressure_advance": [
        "0.5"
    ],
    "slow_down_layer_time": [
        "1"
    ],
    "slow_down_min_speed": [
        "100"
    ],
    "temperature_vitrification": [
        "75"
    ],
    "version": "2.0.2.0"
}
