{
    "close_fan_the_first_x_layers": [
        "1"
    ],
    "default_filament_colour": [
        "#505050"
    ],
    "enable_pressure_advance": [
        "1"
    ],
    "fan_max_speed": [
        "20"
    ],
    "fan_min_speed": [
        "10"
    ],
    "filament_cost": [
        "400"
    ],
    "filament_flow_ratio": [
        "1.10172"
    ],
    "filament_max_volumetric_speed": [
        "15"
    ],
    "filament_settings_id": [
        "RECYCLE PETG THREEBEES"
    ],
    "filament_vendor": [
        "THREEBEES"
    ],
    "from": "User",
    "inherits": "My Generic PETG",
    "is_custom_defined": "0",
    "name": "RECYCLE PETG THREEBEES",
    "nozzle_temperature": [
        "245"
    ],
    "nozzle_temperature_initial_layer": [
        "240"
    ],
    "nozzle_temperature_range_high": [
        "250"
    ],
    "nozzle_temperature_range_low": [
        "230"
    ],
    "overhang_fan_speed": [
        "40"
    ],
    "pressure_advance": [
        "0.4"
    ],
    "slow_down_layer_time": [
        "10"
    ],
    "slow_down_min_speed": [
        "100"
    ],
    "temperature_vitrification": [
        "75"
    ],
    "version": "2.0.2.0"
}
