{
    "default_filament_colour": [
        "#91202B"
    ],
    "fan_cooling_layer_time": [
        "10"
    ],
    "fan_min_speed": [
        "20"
    ],
    "filament_flow_ratio": [
        "1.05644"
    ],
    "filament_max_volumetric_speed": [
        "15"
    ],
    "filament_settings_id": [
        "RED ENGINE PLA+ eSun"
    ],
    "filament_vendor": [
        "eSun"
    ],
    "from": "User",
    "inherits": "My Generic PLA",
    "is_custom_defined": "0",
    "name": "RED ENGINE PLA+ eSun",
    "nozzle_temperature": [
        "225"
    ],
    "nozzle_temperature_initial_layer": [
        "215"
    ],
    "nozzle_temperature_range_low": [
        "220"
    ],
    "overhang_fan_speed": [
        "60"
    ],
    "slow_down_for_layer_cooling": [
        "0"
    ],
    "slow_down_layer_time": [
        "1"
    ],
    "slow_down_min_speed": [
        "50"
    ],
    "version": "2.0.0.0"
}
